{"count":1,"self":2464.2586624,"total":2706.3430737999997,"children":{"InitializeActuators":{"count":1,"self":0.0015046,"total":0.0015046,"children":null},"InitializeSensors":{"count":1,"self":0.0010003,"total":0.0010003,"children":null},"AgentSendState":{"count":23405559,"self":31.3347296,"total":32.4008345,"children":{"CollectObservations":{"count":29141,"self":0.116591,"total":0.116591,"children":null},"WriteActionMask":{"count":29141,"self":0.076689899999999991,"total":0.076689899999999991,"children":null},"RequestDecision":{"count":29141,"self":0.27132819999999996,"total":0.8728227,"children":{"AgentInfo.ToProto":{"count":29141,"self":0.1511295,"total":0.60149449999999993,"children":{"GenerateSensorData":{"count":29141,"self":0.45036499999999996,"total":0.45036499999999996,"children":null}}}}}}},"DecideAction":{"count":23405559,"self":188.9822848,"total":188.98228999999998,"children":null},"AgentAct":{"count":23405559,"self":20.608123199999998,"total":20.6981972,"children":{"AgentInfo.ToProto":{"count":5828,"self":0.0328971,"total":0.0900742,"children":{"GenerateSensorData":{"count":5828,"self":0.057177099999999995,"total":0.057177099999999995,"children":null}}}}}},"gauges":{"model-01.CumulativeReward":{"count":5828,"max":33.0178223,"min":-39.34,"runningAverage":-12.5515633,"value":-22.26,"weightedAverage":-12.3385553}},"metadata":{"timer_format_version":"0.1.0","start_time_seconds":"1697880189","unity_version":"2022.3.4f1","command_line_arguments":"D:\\Design\\3D\\Unity\\Editor\\2022.3.4f1\\Editor\\Unity.exe -projectpath F:\\Engine_Projects\\BowerML\\Unity\\BowerTrainer -useHub -hubIPC -cloudEnvironment production -licensingIpc LicenseClient-Sean -hubSessionId 6b348a7b-0650-41de-98c6-fc40843c5c6c","communication_protocol_version":"1.5.0","com.unity.ml-agents_version":"2.0.1","scene_name":"Trainer-Scene","end_time_seconds":"1697882896"}}