{"count":1,"self":303.95847679999997,"total":1454.1511423,"children":{"InitializeActuators":{"count":1,"self":0.0010004999999999999,"total":0.0010004999999999999,"children":null},"InitializeSensors":{"count":1,"self":0,"total":0,"children":null},"AgentSendState":{"count":1500031,"self":4.0946184,"total":12.157192199999999,"children":{"CollectObservations":{"count":300007,"self":0.9470571,"total":0.9470571,"children":null},"WriteActionMask":{"count":300007,"self":0.55302069999999992,"total":0.55302069999999992,"children":null},"RequestDecision":{"count":300007,"self":1.8797347999999998,"total":6.5624958,"children":{"AgentInfo.ToProto":{"count":300007,"self":1.3405624999999999,"total":4.6827611,"children":{"GenerateSensorData":{"count":300007,"self":3.3421985999999997,"total":3.3421985999999997,"children":null}}}}}}},"DecideAction":{"count":1500031,"self":1131.2028672,"total":1131.2028438,"children":null},"AgentAct":{"count":1500031,"self":6.7734856,"total":6.8316228999999993,"children":{"AgentInfo.ToProto":{"count":2932,"self":0.013074899999999999,"total":0.0581376,"children":{"GenerateSensorData":{"count":2932,"self":0.0450627,"total":0.0450627,"children":null}}}}}},"gauges":{"model-01.CumulativeReward":{"count":2932,"max":32.248497,"min":-39.75,"runningAverage":-12.5831861,"value":-13.64,"weightedAverage":-11.17457}},"metadata":{"timer_format_version":"0.1.0","start_time_seconds":"1697816138","unity_version":"2022.3.4f1","command_line_arguments":"D:\\Design\\3D\\Unity\\Editor\\2022.3.4f1\\Editor\\Unity.exe -projectpath F:\\Engine_Projects\\BowerML\\Unity\\BowerTrainer -useHub -hubIPC -cloudEnvironment production -licensingIpc LicenseClient-Sean -hubSessionId 0b5d82b5-de92-44d6-91a2-4e3010547148","communication_protocol_version":"1.5.0","com.unity.ml-agents_version":"2.0.1","scene_name":"Trainer-Scene","end_time_seconds":"1697817592"}}